<?xml version="1.0" encoding="UTF-8"?>
<addon id="repository.4773nd4n7" name="4773nd4n7 Repository" version="1.0.2" provider-name="4773nd4n7">
  <extension point="xbmc.addon.repository" name="4773nd4n7 Repository">
    <dir>
      <info compressed="false">https://4773nd4n7.github.io/repository.4773nd4n7/addons.xml</info>
      <checksum>https://4773nd4n7.github.io/repository.4773nd4n7/addons.xml.md5</checksum>
      <datadir zip="true">https://4773nd4n7.github.io/repository.4773nd4n7/</datadir>
    </dir>
  </extension>
  <extension point="xbmc.addon.metadata">
    <summary>4773nd4n7 addons for Kodi</summary>
    <description>4773nd4n7 addons for Kodi.</description>
    <forum>https://github.com/4773nd4n7/repository.4773nd4n7/issues</forum>
    <platform>all</platform>
  </extension>
</addon>
